Workbook

Sheet Datos
A1: Codigo Local | B1: Fecha Hora | C1: Descarga Max | D1: Descarga Min | E1: Descarga Avg | F1: Subida Max | G1: Subida Min | H1: Subida Avg
A2: 74270 | B2: 23/12 08:40 | C2: 50.11 | D2: 0.00 | E2: 0.24 | F2: 6.05 | G2: 0.00 | H2: 0.02
A3: 529746 | B3: 23/12 08:40 | C3: 26.32 | D3: 0.00 | E3: 0.06 | F3: 9.54 | G3: 0.00 | H3: 0.02
A4: 166444 | B4: 23/12 08:40 | C4: 31.20 | D4: 0.01 | E4: 0.02 | F4: 1.68 | G4: 0.01 | H4: 0.01
A5: 59514 | B5: 23/12 08:40 | C5: 30.21 | D5: 0.00 | E5: 0.27 | F5: 1.05 | G5: 0.00 | H5: 0.02
A6: 154120 | B6: 23/12 08:40 | C6: 75.50 | D6: 0.00 | E6: 0.45 | F6: 22.89 | G6: 0.00 | H6: 0.03
A7: 462468 | B7: 23/12 08:40 | C7: 137.33 | D7: 0.00 | E7: 1.32 | F7: 27.41 | G7: 0.00 | H7: 0.14
A8: 59665 | B8: 23/12 08:41 | C8: 107.11 | D8: 0.00 | E8: 1.05 | F8: 4.79 | G8: 0.00 | H8: 0.05
A9: 79569 | B9: 23/12 08:41 | C9: 25.70 | D9: 0.00 | E9: 0.04 | F9: 3.83 | G9: 0.00 | H9: 0.01
A10: 487690 | B10: 23/12 08:41 | C10: 125.68 | D10: 0.00 | E10: 0.15 | F10: 20.09 | G10: 0.00 | H10: 0.02
A11: 467866 | B11: 23/12 08:41 | C11: 24.18 | D11: 0.00 | E11: 0.12 | F11: 1.19 | G11: 0.00 | H11: 0.01
A12: 75533 | B12: 23/12 08:41 | C12: 49.20 | D12: 0.00 | E12: 0.09 | F12: 6.62 | G12: 0.00 | H12: 0.01
A13: 64252 | B13: 23/12 08:41 | C13: 41.97 | D13: 0.00 | E13: 0.43 | F13: 18.41 | G13: 0.00 | H13: 0.06
... A1084: 350908 | B1084: 23/12 10:37 | C1084: 42.02 | D1084: 0.01 | E1084: 0.20 | F1084: 19.90 | G1084: 0.01 | H1084: 0.02

Sheet Hoja1
A1: 74270 | B1: =VLOOKUP(A1,Datos!$A$2:$H$1084,3,FALSE) -> 50.11 | C1: =VLOOKUP(A1,Datos!$A$2:$H$1084,4,FALSE) -> 0.00 | D1: =VLOOKUP(A1,Datos!$A$2:$H$1084,5,FALSE) -> 0.24 | E1: =VLOOKUP(A1,Datos!$A$2:$H$1084,6,FALSE) -> 6.05 | F1: =VLOOKUP(A1,Datos!$A$2:$H$1084,7,FALSE) -> 0.00 | G1: =VLOOKUP(A1,Datos!$A$2:$H$1084,8,FALSE) -> 0.02
A2: 529746 | B2: =VLOOKUP(A2,Datos!$A$2:$H$1084,3,FALSE) -> 26.32 | C2: =VLOOKUP(A2,Datos!$A$2:$H$1084,4,FALSE) -> 0.00 | D2: =VLOOKUP(A2,Datos!$A$2:$H$1084,5,FALSE) -> 0.06 | E2: =VLOOKUP(A2,Datos!$A$2:$H$1084,6,FALSE) -> 9.54 | F2: =VLOOKUP(A2,Datos!$A$2:$H$1084,7,FALSE) -> 0.00 | G2: =VLOOKUP(A2,Datos!$A$2:$H$1084,8,FALSE) -> 0.02
A3: 166444 | B3: =VLOOKUP(A3,Datos!$A$2:$H$1084,3,FALSE) -> 31.20 | C3: =VLOOKUP(A3,Datos!$A$2:$H$1084,4,FALSE) -> 0.01 | D3: =VLOOKUP(A3,Datos!$A$2:$H$1084,5,FALSE) -> 0.02 | E3: =VLOOKUP(A3,Datos!$A$2:$H$1084,6,FALSE) -> 1.68 | F3: =VLOOKUP(A3,Datos!$A$2:$H$1084,7,FALSE) -> 0.01 | G3: =VLOOKUP(A3,Datos!$A$2:$H$1084,8,FALSE) -> 0.01
A4: 59514 | B4: =VLOOKUP(A4,Datos!$A$2:$H$1084,3,FALSE) -> 30.21 | C4: =VLOOKUP(A4,Datos!$A$2:$H$1084,4,FALSE) -> 0.00 | D4: =VLOOKUP(A4,Datos!$A$2:$H$1084,5,FALSE) -> 0.27 | E4: =VLOOKUP(A4,Datos!$A$2:$H$1084,6,FALSE) -> 1.05 | F4: =VLOOKUP(A4,Datos!$A$2:$H$1084,7,FALSE) -> 0.00 | G4: =VLOOKUP(A4,Datos!$A$2:$H$1084,8,FALSE) -> 0.02
A5: 154120 | B5: =VLOOKUP(A5,Datos!$A$2:$H$1084,3,FALSE) -> 75.50 | C5: =VLOOKUP(A5,Datos!$A$2:$H$1084,4,FALSE) -> 0.00 | D5: =VLOOKUP(A5,Datos!$A$2:$H$1084,5,FALSE) -> 0.45 | E5: =VLOOKUP(A5,Datos!$A$2:$H$1084,6,FALSE) -> 22.89 | F5: =VLOOKUP(A5,Datos!$A$2:$H$1084,7,FALSE) -> 0.00 | G5: =VLOOKUP(A5,Datos!$A$2:$H$1084,8,FALSE) -> 0.03
A6: 462468 | B6: =VLOOKUP(A6,Datos!$A$2:$H$1084,3,FALSE) -> 137.33 | C6: =VLOOKUP(A6,Datos!$A$2:$H$1084,4,FALSE) -> 0.00 | D6: =VLOOKUP(A6,Datos!$A$2:$H$1084,5,FALSE) -> 1.32 | E6: =VLOOKUP(A6,Datos!$A$2:$H$1084,6,FALSE) -> 27.41 | F6: =VLOOKUP(A6,Datos!$A$2:$H$1084,7,FALSE) -> 0.00 | G6: =VLOOKUP(A6,Datos!$A$2:$H$1084,8,FALSE) -> 0.14
A7: 59665 | B7: =VLOOKUP(A7,Datos!$A$2:$H$1084,3,FALSE) -> 107.11 | C7: =VLOOKUP(A7,Datos!$A$2:$H$1084,4,FALSE) -> 0.00 | D7: =VLOOKUP(A7,Datos!$A$2:$H$1084,5,FALSE) -> 1.05 | E7: =VLOOKUP(A7,Datos!$A$2:$H$1084,6,FALSE) -> 4.79 | F7: =VLOOKUP(A7,Datos!$A$2:$H$1084,7,FALSE) -> 0.00 | G7: =VLOOKUP(A7,Datos!$A$2:$H$1084,8,FALSE) -> 0.05
A8: 79569 | B8: =VLOOKUP(A8,Datos!$A$2:$H$1084,3,FALSE) -> 25.70 | C8: =VLOOKUP(A8,Datos!$A$2:$H$1084,4,FALSE) -> 0.00 | D8: =VLOOKUP(A8,Datos!$A$2:$H$1084,5,FALSE) -> 0.04 | E8: =VLOOKUP(A8,Datos!$A$2:$H$1084,6,FALSE) -> 3.83 | F8: =VLOOKUP(A8,Datos!$A$2:$H$1084,7,FALSE) -> 0.00 | G8: =VLOOKUP(A8,Datos!$A$2:$H$1084,8,FALSE) -> 0.01
A9: 487690 | B9: =VLOOKUP(A9,Datos!$A$2:$H$1084,3,FALSE) -> 125.68 | C9: =VLOOKUP(A9,Datos!$A$2:$H$1084,4,FALSE) -> 0.00 | D9: =VLOOKUP(A9,Datos!$A$2:$H$1084,5,FALSE) -> 0.15 | E9: =VLOOKUP(A9,Datos!$A$2:$H$1084,6,FALSE) -> 20.09 | F9: =VLOOKUP(A9,Datos!$A$2:$H$1084,7,FALSE) -> 0.00 | G9: =VLOOKUP(A9,Datos!$A$2:$H$1084,8,FALSE) -> 0.02
A10: 467866 | B10: =VLOOKUP(A10,Datos!$A$2:$H$1084,3,FALSE) -> 24.18 | C10: =VLOOKUP(A10,Datos!$A$2:$H$1084,4,FALSE) -> 0.00 | D10: =VLOOKUP(A10,Datos!$A$2:$H$1084,5,FALSE) -> 0.12 | E10: =VLOOKUP(A10,Datos!$A$2:$H$1084,6,FALSE) -> 1.19 | F10: =VLOOKUP(A10,Datos!$A$2:$H$1084,7,FALSE) -> 0.00 | G10: =VLOOKUP(A10,Datos!$A$2:$H$1084,8,FALSE) -> 0.01
A11: 75533 | B11: =VLOOKUP(A11,Datos!$A$2:$H$1084,3,FALSE) -> 49.20 | C11: =VLOOKUP(A11,Datos!$A$2:$H$1084,4,FALSE) -> 0.00 | D11: =VLOOKUP(A11,Datos!$A$2:$H$1084,5,FALSE) -> 0.09 | E11: =VLOOKUP(A11,Datos!$A$2:$H$1084,6,FALSE) -> 6.62 | F11: =VLOOKUP(A11,Datos!$A$2:$H$1084,7,FALSE) -> 0.00 | G11: =VLOOKUP(A11,Datos!$A$2:$H$1084,8,FALSE) -> 0.01
A12: 64252 | B12: =VLOOKUP(A12,Datos!$A$2:$H$1084,3,FALSE) -> 41.97 | C12: =VLOOKUP(A12,Datos!$A$2:$H$1084,4,FALSE) -> 0.00 | D12: =VLOOKUP(A12,Datos!$A$2:$H$1084,5,FALSE) -> 0.43 | E12: =VLOOKUP(A12,Datos!$A$2:$H$1084,6,FALSE) -> 18.41 | F12: =VLOOKUP(A12,Datos!$A$2:$H$1084,7,FALSE) -> 0.00 | G12: =VLOOKUP(A12,Datos!$A$2:$H$1084,8,FALSE) -> 0.06
... A1083: 350908 | B1083: =VLOOKUP(A1083,Datos!$A$2:$H$1084,3,FALSE) -> 42.02 | C1083: =VLOOKUP(A1083,Datos!$A$2:$H$1084,4,FALSE) -> 0.01 | D1083: =VLOOKUP(A1083,Datos!$A$2:$H$1084,5,FALSE) -> 0.20 | E1083: =VLOOKUP(A1083,Datos!$A$2:$H$1084,6,FALSE) -> 19.90 | F1083: =VLOOKUP(A1083,Datos!$A$2:$H$1084,7,FALSE) -> 0.01 | G1083: =VLOOKUP(A1083,Datos!$A$2:$H$1084,8,FALSE) -> 0.02
